<?xml version="1.0" encoding="UTF-8"?>
<configuration>
    <!-- 控制台输出 -->
    <appender name="STDOUT" class="ch.qos.logback.core.ConsoleAppender">
        <encoder class="ch.qos.logback.classic.encoder.PatternLayoutEncoder">
            <!--格式化输出：%d表示日期，%thread表示线程名，%-5level：级别从左显示5个字符宽度  %msg：日志消息，%n是换行符 -->
            <pattern>%d{yyyy-MM-dd HH:mm:ss.SSS} [%thread] %-5level %logger{50}-%msg%n</pattern>
        </encoder>
    </appender>

    <!-- 按照每天生成日志文件 -->
    <appender name="FILE" class="ch.qos.logback.core.rolling.RollingFileAppender">
        <rollingPolicy class="ch.qos.logback.core.rolling.SizeAndTimeBasedRollingPolicy">
            <!-- 日志文件输出的文件名, %i表示序号 -->
            <FileNamePattern>D:/esatate_MS-%d{yyyy-MM-dd}-%i.log</FileNamePattern>
            <!-- 最多保留的历史日志文件数量 -->
            <MaxHistory>30</MaxHistory>
            <!-- 最大文件大小，超过这个大小会触发滚动到新文件，默认为 10MB -->
            <maxFileSize>10MB</maxFileSize>
        </rollingPolicy>

        <encoder class="ch.qos.logback.classic.encoder.PatternLayoutEncoder">
            <!--格式化输出：%d 表示日期，%thread 表示线程名，%-5level表示级别从左显示5个字符宽度，%msg表示日志消息，%n表示换行符 -->
            <pattern>%d{yyyy-MM-dd HH:mm:ss.SSS} [%thread] %-5level %logger{50}-%msg%n</pattern>
        </encoder>
    </appender>

    <!-- 日志输出级别 -->
    <root level="info">
        <appender-ref ref="STDOUT" />
        <appender-ref ref="FILE" />
    </root>
</configuration>