<!DOCTYPE mapper
        PUBLIC "-//mybatis.org//DTD Mapper 3.0//EN"
        "http://mybatis.org/dtd/mybatis-3-mapper.dtd">
<mapper namespace="org.zishu.mapper.HouseMapper">
<!--自定义结果集-->
    <resultMap id="houseResultMap" type="org.zishu.pojo.House">
        <id property="houseId" column="house_id"/>
        <result property="type" column="type"/>
        <result property="address" column="address"/>
        <result property="price" column="price"/>
        <result property="area" column="area"/>
        <result property="roomType" column="room_type"/>
        <result property="description" column="description"/>
        <result property="status" column="status"/>
        <result property="managerId" column="manager_id"/>
        <result property="createdAt" column="created_at"/>
        <result property="updatedAt" column="updated_at"/>
    </resultMap>

<!--    新增房源-->
    <insert id="insert" parameterType="org.zishu.pojo.House">
        INSERT INTO houses (type, address, price, area, room_type, description, manager_id, created_at, updated_at,images)
        VALUES (#{type}, #{address}, #{price}, #{area}, #{roomType}, #{description}, #{managerId}, #{createdAt}, #{updatedAt},#{images})
    </insert>

    <!--    修改房源信息-->
    <update id="update">
        UPDATE houses
        <set>
            <if test="type != null">type = #{type},</if>
            <if test="address != null and address!=''">address = #{address},</if>
            <if test="price != null">price = #{price},</if>
            <if test="area != null">area = #{area},</if>
            <if test="roomType!= null and roomType!=''">room_type = #{roomType},</if>
            <if test="description!= null and description!=''">description = #{description},</if>
            <if test="status!= null">status = #{status},</if>
            <if test="managerId!= null">manager_id = #{managerId},</if>
        </set>
        where house_id = #{houseId}
    </update>

<!--    根据house_id删除房源信息-->
    <delete id="delete">
        DELETE FROM houses
        WHERE house_id = #{houseId}
    </delete>

    <!-- 查询符合条件的房源列表 -->
    <select id="list" resultType="org.zishu.pojo.House">
        SELECT * FROM houses
        <where>
            <if test="address != null and address != ''">
                AND address LIKE CONCAT('%', #{address}, '%')
            </if>
            <if test="minPrice != null">
                AND price >= #{minPrice}
            </if>
            <if test="maxPrice != null">
                <![CDATA[ AND price <= #{maxPrice} ]]>
            </if>
            <if test="status != null and status != ''">
                AND status = #{status}
            </if>
        </where>
        ORDER BY house_id DESC
    </select>
<!--    根据id查询房源信息-->
    <select id="getById" parameterType="int" resultMap="houseResultMap">
        SELECT * FROM houses WHERE house_id = #{houseId}
    </select>

</mapper>